learner_name,metric,value
RandomForestClassifier,test_accuracy,0.953125
DecisionTreeClassifier,test_accuracy,0.9427083333333334
GradientBoostingClassifier,test_accuracy,0.9166666666666666
KNeighborsClassifier,test_accuracy,0.78125
LogisticRegression,test_accuracy,0.640625
RandomForestClassifier,precision,0.9397299530701652
DecisionTreeClassifier,precision,0.9642455940709618
GradientBoostingClassifier,precision,0.897239714250803
KNeighborsClassifier,precision,0.7584381200396825
LogisticRegression,precision,0.5964938442632961
RandomForestClassifier,recall,0.953125
DecisionTreeClassifier,recall,0.9427083333333334
GradientBoostingClassifier,recall,0.9166666666666666
KNeighborsClassifier,recall,0.78125
LogisticRegression,recall,0.640625
RandomForestClassifier,f1,0.9425622294372294
DecisionTreeClassifier,f1,0.9463639953627816
GradientBoostingClassifier,f1,0.9013961690232638
KNeighborsClassifier,f1,0.7618412489867797
LogisticRegression,f1,0.5722237182620248
